"Timestamp","Distance Filter","Accuracy","Speed","Course","Distance","Latitude","Longitude"
2017-08-26_08:34:43,0,10,4,202,6,33.86582,-118.38461
2017-08-26_08:34:43,0,10,0,202,2,33.86583,-118.38462
2017-08-26_08:34:45,0,10,1,-1,5,33.86587,-118.38464
2017-08-26_08:34:46,0,10,0,-1,0,33.86587,-118.38464
2017-08-26_08:34:54,0,10,0,23,0,33.86587,-118.38464
2017-08-26_08:34:55,0,10,0,180,0,33.86587,-118.38464
2017-08-26_08:34:56,0,10,1,183,3,33.86584,-118.38463
2017-08-26_08:34:57,0,10,2,196,1,33.86584,-118.38463
2017-08-26_08:34:58,0,10,0,350,0,33.86584,-118.38463
2017-08-26_08:34:59,0,10,0,1,0,33.86584,-118.38463
2017-08-26_08:35:00,0,10,0,2,0,33.86584,-118.38463
2017-08-26_08:35:01,0,10,1,11,1,33.86583,-118.38463
2017-08-26_08:35:02,0,10,0,11,0,33.86583,-118.38463
2017-08-26_08:35:03,0,10,1,10,1,33.86584,-118.38463
2017-08-26_08:35:04,0,10,0,2,0,33.86584,-118.38463
2017-08-26_08:35:05,0,10,0,10,0,33.86584,-118.38463
2017-08-26_08:35:06,0,10,0,198,0,33.86584,-118.38463
2017-08-26_08:35:07,0,10,0,228,0,33.86584,-118.38463
2017-08-26_08:35:09,0,10,2,353,3,33.86585,-118.38464
2017-08-26_08:35:10,0,10,0,352,0,33.86585,-118.38464
2017-08-26_08:35:11,0,10,1,354,1,33.86585,-118.38464
2017-08-26_08:35:12,0,10,0,272,0,33.86585,-118.38464
2017-08-26_08:35:13,0,10,1,270,1,33.86585,-118.38464
2017-08-26_08:35:14,0,10,0,247,0,33.86585,-118.38464
2017-08-26_08:35:15,0,10,0,249,0,33.86585,-118.38464
2017-08-26_08:35:16,0,10,0,353,0,33.86585,-118.38464
2017-08-26_08:35:24,0,10,2,151,2,33.86585,-118.38463
2017-08-26_08:35:25,0,10,2,147,1,33.86584,-118.38462
2017-08-26_08:35:26,0,10,1,133,1,33.86584,-118.38462
2017-08-26_08:35:27,0,10,1,46,1,33.86584,-118.38462
2017-08-26_08:35:28,0,10,0,12,0,33.86584,-118.38462
2017-08-26_08:35:29,0,10,0,358,0,33.86584,-118.38462
2017-08-26_08:35:30,0,10,0,354,0,33.86584,-118.38462
2017-08-26_08:35:31,0,10,0,172,0,33.86584,-118.38462
2017-08-26_08:35:34,0,10,0,353,0,33.86584,-118.38462
2017-08-26_08:35:36,0,10,0,268,0,33.86584,-118.38462
2017-08-26_08:35:52,0,10,0,354,0,33.86584,-118.38462
2017-08-26_08:35:55,0,10,2,354,4,33.86587,-118.38463
2017-08-26_08:35:56,0,10,2,354,1,33.86587,-118.38463
2017-08-26_08:35:57,0,10,2,354,2,33.86586,-118.38462
2017-08-26_08:35:58,0,10,2,354,1,33.86586,-118.38463
2017-08-26_08:35:59,0,10,2,354,1,33.86586,-118.38462
2017-08-26_08:36:00,0,10,3,140,2,33.86585,-118.38461
2017-08-26_08:36:01,0,10,5,143,2,33.86584,-118.38460
2017-08-26_08:36:02,0,10,5,139,2,33.86583,-118.38460
2017-08-26_08:36:03,0,10,5,125,2,33.86581,-118.38459
2017-08-26_08:36:04,0,10,5,112,2,33.86580,-118.38459
2017-08-26_08:36:05,0,10,3,105,1,33.86579,-118.38458
2017-08-26_08:36:06,0,10,2,104,1,33.86579,-118.38458
2017-08-26_08:36:07,0,10,2,269,2,33.86579,-118.38459
2017-08-26_08:36:08,0,10,4,94,1,33.86579,-118.38459
2017-08-26_08:36:09,0,10,7,237,1,33.86578,-118.38460
2017-08-26_08:36:10,0,10,9,247,5,33.86578,-118.38464
2017-08-26_08:36:11,0,10,9,258,3,33.86577,-118.38467
2017-08-26_08:36:12,0,10,12,245,4,33.86575,-118.38470
2017-08-26_08:36:13,0,10,16,243,5,33.86573,-118.38474
2017-08-26_08:36:14,0,10,16,244,6,33.86571,-118.38479
2017-08-26_08:36:15,0,10,11,244,4,33.86569,-118.38482
2017-08-26_08:36:16,0,10,6,247,3,33.86568,-118.38484
2017-08-26_08:36:17,0,10,4,250,2,33.86568,-118.38485
2017-08-26_08:36:18,0,10,6,260,2,33.86567,-118.38486
2017-08-26_08:36:19,0,10,8,279,3,33.86567,-118.38489
2017-08-26_08:36:20,0,10,11,308,3,33.86568,-118.38491
2017-08-26_08:36:21,0,10,14,342,4,33.86571,-118.38493
2017-08-26_08:36:22,0,10,22,341,7,33.86576,-118.38495
2017-08-26_08:36:23,0,10,25,336,7,33.86581,-118.38499
2017-08-26_08:36:24,0,10,27,333,8,33.86587,-118.38503
2017-08-26_08:36:25,0,10,28,334,8,33.86593,-118.38506
2017-08-26_08:36:26,0,10,27,334,8,33.86599,-118.38509
2017-08-26_08:36:27,0,10,24,333,7,33.86604,-118.38513
2017-08-26_08:36:28,0,10,15,333,5,33.86608,-118.38515
2017-08-26_08:36:29,0,10,10,332,4,33.86610,-118.38517
2017-08-26_08:36:30,0,10,2,317,4,33.86613,-118.38519
2017-08-26_08:36:31,0,10,6,331,5,33.86609,-118.38518
2017-08-26_08:36:32,0,10,3,331,12,33.86599,-118.38516
2017-08-26_08:36:33,0,10,0,331,13,33.86611,-118.38518
2017-08-26_08:36:39,0,10,4,331,1,33.86611,-118.38517
2017-08-26_08:36:40,0,10,5,330,2,33.86612,-118.38517
2017-08-26_08:36:41,0,10,9,330,2,33.86614,-118.38518
2017-08-26_08:36:42,0,10,10,332,3,33.86616,-118.38520
2017-08-26_08:36:43,0,10,11,332,3,33.86617,-118.38521
2017-08-26_08:36:44,0,10,10,332,3,33.86619,-118.38523
2017-08-26_08:36:45,0,10,7,331,3,33.86621,-118.38524
2017-08-26_08:36:46,0,10,5,331,2,33.86623,-118.38524
2017-08-26_08:36:47,0,10,2,331,1,33.86623,-118.38525
2017-08-26_08:36:48,0,10,0,331,0,33.86623,-118.38525
2017-08-26_08:37:37,0,10,2,330,2,33.86624,-118.38526
2017-08-26_08:37:38,0,10,6,324,2,33.86625,-118.38527
2017-08-26_08:37:39,0,10,7,318,3,33.86627,-118.38528
2017-08-26_08:37:40,0,10,6,317,2,33.86628,-118.38529
2017-08-26_08:37:41,0,10,4,315,2,33.86628,-118.38530
2017-08-26_08:37:42,0,10,2,314,1,33.86629,-118.38530
2017-08-26_08:37:43,0,10,1,314,1,33.86629,-118.38531
2017-08-26_08:37:44,0,10,5,313,2,33.86630,-118.38532
2017-08-26_08:37:45,0,10,14,307,4,33.86632,-118.38534
2017-08-26_08:37:46,0,10,16,290,5,33.86633,-118.38539
2017-08-26_08:37:47,0,10,27,269,8,33.86634,-118.38546
2017-08-26_08:37:48,0,10,33,249,9,33.86631,-118.38555
2017-08-26_08:37:49,0,10,37,239,10,33.86627,-118.38565
2017-08-26_08:37:50,0,10,37,232,11,33.86621,-118.38574
2017-08-26_08:37:51,0,10,44,232,13,33.86614,-118.38584
2017-08-26_08:37:52,0,10,47,230,14,33.86607,-118.38595
2017-08-26_08:37:53,0,10,49,230,14,33.86599,-118.38606
2017-08-26_08:37:54,0,10,49,229,14,33.86591,-118.38617
2017-08-26_08:37:55,0,10,49,228,14,33.86583,-118.38629
2017-08-26_08:37:56,0,10,47,229,13,33.86576,-118.38639
2017-08-26_08:37:57,0,10,46,229,13,33.86568,-118.38649
2017-08-26_08:37:58,0,10,44,228,13,33.86560,-118.38659
2017-08-26_08:37:59,0,10,42,228,13,33.86552,-118.38668
2017-08-26_08:38:00,0,10,39,224,12,33.86545,-118.38677
2017-08-26_08:38:01,0,10,35,229,10,33.86540,-118.38685
2017-08-26_08:38:02,0,10,32,228,9,33.86535,-118.38693
2017-08-26_08:38:03,0,10,26,228,7,33.86531,-118.38698
2017-08-26_08:38:04,0,10,22,228,6,33.86528,-118.38702
2017-08-26_08:38:05,0,10,20,256,6,33.86526,-118.38708
2017-08-26_08:38:06,0,10,19,228,6,33.86525,-118.38714
2017-08-26_08:38:07,0,10,21,274,8,33.86526,-118.38721
2017-08-26_08:38:08,0,10,22,273,10,33.86525,-118.38731
2017-08-26_08:38:09,0,10,30,266,12,33.86521,-118.38742
2017-08-26_08:38:10,0,10,40,228,13,33.86511,-118.38749
2017-08-26_08:38:11,0,10,39,228,16,33.86497,-118.38748
2017-08-26_08:38:12,0,10,36,228,10,33.86491,-118.38755
2017-08-26_08:38:13,0,10,36,228,10,33.86487,-118.38764
2017-08-26_08:38:14,0,10,37,228,10,33.86482,-118.38772
2017-08-26_08:38:15,0,10,41,227,12,33.86477,-118.38782
2017-08-26_08:38:16,0,10,44,228,12,33.86470,-118.38792
2017-08-26_08:38:17,0,10,45,228,14,33.86463,-118.38803
2017-08-26_08:38:18,0,10,49,227,18,33.86453,-118.38818
2017-08-26_08:38:19,0,10,54,227,26,33.86432,-118.38827
2017-08-26_08:38:20,0,10,55,228,15,33.86422,-118.38838
2017-08-26_08:38:21,0,10,55,228,16,33.86413,-118.38850
2017-08-26_08:38:22,0,10,54,229,16,33.86404,-118.38863
2017-08-26_08:38:23,0,10,52,229,15,33.86396,-118.38875
2017-08-26_08:38:24,0,10,47,229,14,33.86387,-118.38886
2017-08-26_08:38:25,0,10,43,230,12,33.86380,-118.38895
2017-08-26_08:38:26,0,10,40,231,12,33.86374,-118.38904
2017-08-26_08:38:27,0,10,34,233,10,33.86368,-118.38912
2017-08-26_08:38:28,0,10,30,236,10,33.86363,-118.38920
2017-08-26_08:38:29,0,10,27,238,8,33.86359,-118.38926
2017-08-26_08:38:30,0,10,26,241,8,33.86356,-118.38933
2017-08-26_08:38:31,0,10,26,242,8,33.86353,-118.38940
2017-08-26_08:38:32,0,10,26,244,8,33.86350,-118.38947
2017-08-26_08:38:33,0,10,23,246,7,33.86348,-118.38953
2017-08-26_08:38:34,0,10,20,248,6,33.86346,-118.38958
2017-08-26_08:38:35,0,10,15,249,4,33.86345,-118.38962
2017-08-26_08:38:36,0,10,11,250,2,33.86345,-118.38964
2017-08-26_08:38:37,0,10,11,251,4,33.86344,-118.38967
2017-08-26_08:38:38,0,10,13,252,4,33.86343,-118.38971
2017-08-26_08:38:39,0,10,12,253,3,33.86342,-118.38974
2017-08-26_08:38:40,0,10,15,254,4,33.86342,-118.38977
2017-08-26_08:38:41,0,10,18,256,5,33.86341,-118.38982
2017-08-26_08:38:42,0,10,21,257,6,33.86340,-118.38987
2017-08-26_08:38:43,0,10,26,259,6,33.86339,-118.38993
2017-08-26_08:38:44,0,10,29,260,9,33.86338,-118.39002
2017-08-26_08:38:45,0,10,31,263,10,33.86336,-118.39012
2017-08-26_08:38:46,0,10,33,265,10,33.86335,-118.39022
2017-08-26_08:38:47,0,10,35,266,10,33.86334,-118.39033
2017-08-26_08:38:48,0,10,38,268,11,33.86334,-118.39044
2017-08-26_08:38:49,0,10,42,268,12,33.86333,-118.39057
2017-08-26_08:38:50,0,10,45,268,12,33.86333,-118.39069
2017-08-26_08:38:51,0,10,46,268,13,33.86333,-118.39083
2017-08-26_08:38:52,0,10,46,269,13,33.86332,-118.39097
2017-08-26_08:38:53,0,10,45,268,13,33.86332,-118.39110
2017-08-26_08:38:54,0,10,44,266,13,33.86331,-118.39123
2017-08-26_08:38:55,0,10,42,260,12,33.86330,-118.39135
2017-08-26_08:38:56,0,10,41,253,12,33.86326,-118.39147
2017-08-26_08:38:57,0,10,39,249,11,33.86323,-118.39159
2017-08-26_08:38:58,0,10,36,243,11,33.86319,-118.39168
2017-08-26_08:38:59,0,10,36,240,11,33.86314,-118.39178
2017-08-26_08:39:00,0,10,34,235,9,33.86310,-118.39185
2017-08-26_08:39:01,0,10,35,229,10,33.86305,-118.39193
2017-08-26_08:39:02,0,10,35,224,10,33.86299,-118.39201
2017-08-26_08:39:03,0,10,30,221,9,33.86293,-118.39207
2017-08-26_08:39:04,0,10,22,221,7,33.86288,-118.39211
2017-08-26_08:39:05,0,10,14,221,6,33.86285,-118.39215
2017-08-26_08:39:06,0,10,8,222,4,33.86282,-118.39218
2017-08-26_08:39:07,0,10,6,225,3,33.86281,-118.39220
2017-08-26_08:39:08,0,10,3,228,2,33.86281,-118.39220
2017-08-26_08:39:09,0,10,2,229,1,33.86280,-118.39221
2017-08-26_08:39:10,0,10,0,229,0,33.86280,-118.39221
2017-08-26_08:39:12,0,10,0,229,0,33.86280,-118.39221
2017-08-26_08:39:14,0,10,0,229,0,33.86280,-118.39221
2017-08-26_08:39:18,0,10,3,229,1,33.86280,-118.39220
2017-08-26_08:39:19,0,10,6,231,2,33.86279,-118.39221
2017-08-26_08:39:20,0,10,8,236,3,33.86278,-118.39223
2017-08-26_08:39:21,0,10,6,243,3,33.86277,-118.39226
2017-08-26_08:39:22,0,10,2,248,2,33.86278,-118.39227
2017-08-26_08:39:23,0,10,0,248,0,33.86278,-118.39227
2017-08-26_08:39:25,0,10,0,248,0,33.86278,-118.39227
2017-08-26_08:39:27,0,10,0,248,0,33.86278,-118.39227
2017-08-26_08:39:28,0,10,0,248,0,33.86278,-118.39227
2017-08-26_08:39:29,0,10,0,248,0,33.86278,-118.39227
2017-08-26_08:39:41,0,10,0,248,0,33.86278,-118.39227
2017-08-26_08:39:42,0,10,0,248,0,33.86278,-118.39227
2017-08-26_08:39:47,0,10,0,248,0,33.86278,-118.39227
2017-08-26_08:39:49,0,10,0,247,0,33.86278,-118.39227
2017-08-26_08:39:50,0,10,0,248,0,33.86278,-118.39227
2017-08-26_08:39:51,0,10,6,251,1,33.86278,-118.39226
2017-08-26_08:39:52,0,10,13,264,3,33.86278,-118.39229
2017-08-26_08:39:53,0,10,18,288,5,33.86279,-118.39234
2017-08-26_08:39:54,0,10,24,311,7,33.86282,-118.39239
2017-08-26_08:39:55,0,10,32,332,9,33.86288,-118.39244
2017-08-26_08:39:56,0,10,37,341,10,33.86296,-118.39248
2017-08-26_08:39:57,0,10,45,345,12,33.86306,-118.39252
2017-08-26_08:39:58,0,10,50,346,14,33.86318,-118.39256
2017-08-26_08:39:59,0,10,53,347,15,33.86331,-118.39260
2017-08-26_08:40:00,0,10,55,347,15,33.86344,-118.39263
2017-08-26_08:40:01,0,10,55,347,16,33.86357,-118.39266
2017-08-26_08:40:02,0,10,54,347,15,33.86370,-118.39271
2017-08-26_08:40:03,0,10,52,347,15,33.86382,-118.39275
2017-08-26_08:40:04,0,10,50,344,14,33.86394,-118.39279
2017-08-26_08:40:05,0,10,45,344,13,33.86405,-118.39283
2017-08-26_08:40:06,0,10,39,345,12,33.86415,-118.39286
2017-08-26_08:40:07,0,10,33,345,10,33.86423,-118.39289
2017-08-26_08:40:08,0,10,28,346,9,33.86430,-118.39291
2017-08-26_08:40:09,0,10,23,346,7,33.86436,-118.39293
2017-08-26_08:40:10,0,10,19,347,6,33.86441,-118.39294
2017-08-26_08:40:11,0,10,14,347,5,33.86444,-118.39295
2017-08-26_08:40:12,0,10,11,347,4,33.86447,-118.39296
2017-08-26_08:40:13,0,10,7,345,2,33.86449,-118.39296
2017-08-26_08:40:14,0,10,3,347,2,33.86450,-118.39296
2017-08-26_08:40:15,0,10,0,347,0,33.86450,-118.39296
2017-08-26_08:40:17,0,10,2,347,2,33.86449,-118.39297
2017-08-26_08:40:18,0,10,2,347,1,33.86449,-118.39297
2017-08-26_08:40:19,0,10,2,347,1,33.86449,-118.39296
2017-08-26_08:40:20,0,10,0,347,0,33.86449,-118.39296
2017-08-26_08:40:21,0,10,0,347,0,33.86449,-118.39296
2017-08-26_08:40:26,0,10,0,347,0,33.86449,-118.39296
2017-08-26_08:40:34,0,10,6,347,1,33.86449,-118.39297
2017-08-26_08:40:35,0,10,12,347,3,33.86451,-118.39298
2017-08-26_08:40:36,0,10,16,347,5,33.86455,-118.39299
2017-08-26_08:40:37,0,10,18,347,5,33.86459,-118.39300
2017-08-26_08:40:38,0,10,20,347,6,33.86464,-118.39302
2017-08-26_08:40:39,0,10,20,332,6,33.86468,-118.39304
2017-08-26_08:40:40,0,10,20,329,6,33.86471,-118.39308
2017-08-26_08:40:41,0,10,23,292,7,33.86473,-118.39314
2017-08-26_08:40:42,0,10,25,274,7,33.86474,-118.39322
2017-08-26_08:40:43,0,10,29,272,10,33.86476,-118.39331
2017-08-26_08:40:44,0,10,30,282,9,33.86477,-118.39340
2017-08-26_08:40:45,0,10,29,286,9,33.86479,-118.39349
2017-08-26_08:40:46,0,10,28,288,9,33.86481,-118.39358
2017-08-26_08:40:47,0,10,28,286,8,33.86483,-118.39366
2017-08-26_08:40:48,0,10,29,283,8,33.86485,-118.39374
2017-08-26_08:40:49,0,10,29,280,9,33.86486,-118.39383
2017-08-26_08:40:50,0,10,29,276,8,33.86488,-118.39391
2017-08-26_08:40:51,0,10,28,273,9,33.86488,-118.39399
2017-08-26_08:40:52,0,10,24,268,8,33.86489,-118.39407
2017-08-26_08:40:53,0,10,22,265,7,33.86488,-118.39414
2017-08-26_08:40:54,0,10,23,260,7,33.86487,-118.39420
2017-08-26_08:40:55,0,10,27,259,8,33.86486,-118.39428
2017-08-26_08:40:56,0,10,33,258,9,33.86484,-118.39437
2017-08-26_08:40:57,0,10,36,256,10,33.86482,-118.39447
2017-08-26_08:40:58,0,10,37,255,11,33.86480,-118.39457
2017-08-26_08:40:59,0,10,36,255,10,33.86478,-118.39467
2017-08-26_08:41:00,0,10,33,255,10,33.86476,-118.39477
2017-08-26_08:41:01,0,10,29,254,9,33.86474,-118.39486
2017-08-26_08:41:02,0,10,25,255,8,33.86473,-118.39493
2017-08-26_08:41:03,0,10,18,256,6,33.86471,-118.39499
2017-08-26_08:41:04,0,10,9,256,3,33.86471,-118.39501
2017-08-26_08:41:05,0,10,3,257,2,33.86471,-118.39503
2017-08-26_08:41:06,0,10,8,257,2,33.86470,-118.39505
2017-08-26_08:41:07,0,10,15,256,4,33.86469,-118.39508
2017-08-26_08:41:08,0,10,20,256,5,33.86469,-118.39513
2017-08-26_08:41:09,0,10,20,256,6,33.86468,-118.39519
2017-08-26_08:41:10,0,10,19,255,6,33.86467,-118.39524
2017-08-26_08:41:11,0,10,19,255,6,33.86465,-118.39530
2017-08-26_08:41:12,0,10,15,254,5,33.86464,-118.39534
2017-08-26_08:41:13,0,10,8,254,3,33.86464,-118.39537
2017-08-26_08:41:14,0,10,3,254,2,33.86463,-118.39538
2017-08-26_08:41:15,0,10,5,254,1,33.86463,-118.39539
2017-08-26_08:41:16,0,10,12,254,3,33.86463,-118.39542
2017-08-26_08:41:17,0,10,18,253,5,33.86462,-118.39546
2017-08-26_08:41:18,0,10,22,253,6,33.86460,-118.39552
2017-08-26_08:41:19,0,10,26,253,7,33.86459,-118.39559
2017-08-26_08:41:20,0,10,27,254,7,33.86457,-118.39566
2017-08-26_08:41:21,0,10,29,256,8,33.86455,-118.39574
2017-08-26_08:41:22,0,10,29,256,8,33.86454,-118.39583
2017-08-26_08:41:23,0,10,28,257,8,33.86453,-118.39591
2017-08-26_08:41:24,0,10,23,256,7,33.86451,-118.39598
2017-08-26_08:41:25,0,10,18,255,6,33.86450,-118.39604
2017-08-26_08:41:26,0,10,13,256,4,33.86449,-118.39608
2017-08-26_08:41:27,0,10,8,256,3,33.86449,-118.39611
2017-08-26_08:41:28,0,10,4,256,2,33.86448,-118.39612
2017-08-26_08:41:29,0,10,5,256,2,33.86448,-118.39614
2017-08-26_08:41:30,0,10,11,256,3,33.86448,-118.39616
2017-08-26_08:41:31,0,10,17,255,4,33.86446,-118.39620
2017-08-26_08:41:32,0,10,21,253,6,33.86445,-118.39625
2017-08-26_08:41:33,0,10,25,253,7,33.86444,-118.39632
2017-08-26_08:41:34,0,10,27,255,8,33.86442,-118.39640
2017-08-26_08:41:35,0,10,30,255,8,33.86440,-118.39648
2017-08-26_08:41:36,0,10,33,254,9,33.86438,-118.39656
2017-08-26_08:41:37,0,10,31,257,9,33.86437,-118.39665
2017-08-26_08:41:38,0,10,29,262,8,33.86435,-118.39674
2017-08-26_08:41:39,0,10,31,261,9,33.86434,-118.39683
2017-08-26_08:41:40,0,10,34,257,9,33.86433,-118.39693
2017-08-26_08:41:41,0,10,37,256,10,33.86431,-118.39703
2017-08-26_08:41:42,0,10,39,257,11,33.86428,-118.39714
2017-08-26_08:41:43,0,10,38,257,12,33.86426,-118.39725
2017-08-26_08:41:44,0,10,39,257,11,33.86424,-118.39736
2017-08-26_08:41:45,0,10,39,255,11,33.86422,-118.39747
2017-08-26_08:41:46,0,10,39,252,11,33.86419,-118.39757
2017-08-26_08:41:47,0,10,39,250,11,33.86416,-118.39768
2017-08-26_08:41:48,0,10,39,248,11,33.86412,-118.39779
2017-08-26_08:41:49,0,10,39,244,11,33.86408,-118.39789
2017-08-26_08:41:50,0,10,39,242,12,33.86403,-118.39800
2017-08-26_08:41:51,0,10,38,239,11,33.86398,-118.39810
2017-08-26_08:41:52,0,10,34,238,10,33.86394,-118.39819
2017-08-26_08:41:53,0,10,29,237,9,33.86390,-118.39826
2017-08-26_08:41:54,0,10,21,236,6,33.86387,-118.39831
2017-08-26_08:41:55,0,10,11,234,5,33.86385,-118.39835
2017-08-26_08:41:56,0,10,4,234,2,33.86384,-118.39837
2017-08-26_08:41:57,0,10,6,234,2,33.86383,-118.39838
2017-08-26_08:41:58,0,10,12,233,3,33.86382,-118.39840
2017-08-26_08:41:59,0,10,18,230,5,33.86379,-118.39844
2017-08-26_08:42:00,0,10,24,226,6,33.86376,-118.39848
2017-08-26_08:42:01,0,10,29,227,8,33.86371,-118.39854
2017-08-26_08:42:02,0,10,32,225,9,33.86366,-118.39860
2017-08-26_08:42:03,0,10,34,223,9,33.86360,-118.39867
2017-08-26_08:42:04,0,10,35,222,10,33.86354,-118.39874
2017-08-26_08:42:05,0,10,35,220,10,33.86348,-118.39881
2017-08-26_08:42:06,0,10,35,218,10,33.86341,-118.39887
2017-08-26_08:42:07,0,10,32,216,9,33.86334,-118.39893
2017-08-26_08:42:08,0,10,28,214,8,33.86329,-118.39898
2017-08-26_08:42:09,0,10,24,213,7,33.86324,-118.39902
2017-08-26_08:42:10,0,10,19,216,6,33.86320,-118.39905
2017-08-26_08:42:11,0,10,16,225,5,33.86317,-118.39909
2017-08-26_08:42:12,0,10,16,248,5,33.86315,-118.39914
2017-08-26_08:42:13,0,10,15,269,5,33.86315,-118.39918
2017-08-26_08:42:14,0,10,15,288,5,33.86316,-118.39922
2017-08-26_08:42:15,0,10,15,305,4,33.86318,-118.39925
2017-08-26_08:42:16,0,10,17,321,5,33.86321,-118.39928
2017-08-26_08:42:17,0,10,20,337,5,33.86325,-118.39930
2017-08-26_08:42:18,0,10,23,344,7,33.86331,-118.39932
2017-08-26_08:42:19,0,10,27,346,8,33.86337,-118.39934
2017-08-26_08:42:20,0,10,30,347,8,33.86344,-118.39936
2017-08-26_08:42:21,0,10,31,347,9,33.86351,-118.39938
2017-08-26_08:42:22,0,10,33,348,10,33.86359,-118.39940
2017-08-26_08:42:23,0,10,34,348,10,33.86367,-118.39942
2017-08-26_08:42:24,0,10,34,349,10,33.86376,-118.39944
2017-08-26_08:42:25,0,10,35,349,10,33.86384,-118.39946
2017-08-26_08:42:26,0,10,37,349,10,33.86393,-118.39948
2017-08-26_08:42:27,0,10,38,350,11,33.86403,-118.39950
2017-08-26_08:42:28,0,10,40,350,11,33.86412,-118.39953
2017-08-26_08:42:29,0,10,40,349,11,33.86422,-118.39955
2017-08-26_08:42:30,0,10,39,349,11,33.86431,-118.39958
2017-08-26_08:42:31,0,10,39,350,11,33.86441,-118.39960
2017-08-26_08:42:32,0,10,39,350,11,33.86451,-118.39962
2017-08-26_08:42:33,0,10,39,349,12,33.86460,-118.39965
2017-08-26_08:42:34,0,10,37,348,11,33.86469,-118.39967
2017-08-26_08:42:35,0,10,35,348,10,33.86478,-118.39970
2017-08-26_08:42:36,0,10,34,349,10,33.86486,-118.39972
2017-08-26_08:42:37,0,10,32,350,10,33.86494,-118.39973
2017-08-26_08:42:38,0,10,30,351,9,33.86502,-118.39975
2017-08-26_08:42:39,0,10,26,352,8,33.86508,-118.39977
2017-08-26_08:42:40,0,10,21,353,7,33.86514,-118.39977
2017-08-26_08:42:41,0,10,17,352,6,33.86519,-118.39978
2017-08-26_08:42:42,0,10,13,351,4,33.86522,-118.39979
2017-08-26_08:42:43,0,10,8,350,3,33.86524,-118.39980
2017-08-26_08:42:44,0,10,5,347,2,33.86526,-118.39980
2017-08-26_08:42:45,0,10,9,340,3,33.86527,-118.39981
2017-08-26_08:42:46,0,10,14,325,4,33.86530,-118.39983
2017-08-26_08:42:47,0,10,16,304,5,33.86533,-118.39986
2017-08-26_08:42:48,0,10,21,282,6,33.86533,-118.39992
2017-08-26_08:42:49,0,10,28,268,9,33.86533,-118.40001
2017-08-26_08:42:50,0,10,32,260,8,33.86531,-118.40009
2017-08-26_08:42:51,0,10,34,258,9,33.86530,-118.40018
2017-08-26_08:42:52,0,10,34,257,11,33.86528,-118.40029
2017-08-26_08:42:53,0,5,31,258,9,33.86526,-118.40037
2017-08-26_08:42:54,0,5,29,259,9,33.86525,-118.40046
2017-08-26_08:42:55,0,5,24,258,7,33.86524,-118.40054
2017-08-26_08:42:56,0,5,18,256,5,33.86523,-118.40059
2017-08-26_08:42:57,0,5,9,255,4,33.86522,-118.40063
2017-08-26_08:42:58,0,5,3,255,2,33.86522,-118.40064
2017-08-26_08:42:59,0,5,6,255,2,33.86522,-118.40065
2017-08-26_08:43:00,0,5,9,251,3,33.86521,-118.40067
2017-08-26_08:43:01,0,5,12,246,3,33.86520,-118.40070
2017-08-26_08:43:02,0,5,15,235,5,33.86518,-118.40074
2017-08-26_08:43:03,0,5,19,227,5,33.86515,-118.40077
2017-08-26_08:43:04,0,5,21,216,6,33.86511,-118.40081
2017-08-26_08:43:05,0,5,23,196,6,33.86506,-118.40083
2017-08-26_08:43:06,0,5,23,178,7,33.86500,-118.40083
2017-08-26_08:43:07,0,5,21,173,6,33.86495,-118.40082
2017-08-26_08:43:08,0,5,16,172,5,33.86491,-118.40082
2017-08-26_08:43:09,0,5,10,170,4,33.86488,-118.40081
2017-08-26_08:43:10,0,5,7,170,3,33.86486,-118.40081
2017-08-26_08:43:11,0,5,6,173,2,33.86484,-118.40081
2017-08-26_08:43:12,0,5,6,180,2,33.86483,-118.40081
2017-08-26_08:43:13,0,5,10,197,3,33.86481,-118.40083
2017-08-26_08:43:14,0,5,13,212,4,33.86479,-118.40085
2017-08-26_08:43:15,0,5,13,236,4,33.86478,-118.40088
2017-08-26_08:43:16,0,5,17,253,5,33.86477,-118.40093
2017-08-26_08:43:17,0,5,21,253,6,33.86476,-118.40099
2017-08-26_08:43:18,0,5,24,252,7,33.86474,-118.40105
2017-08-26_08:43:19,0,5,26,253,8,33.86472,-118.40113
2017-08-26_08:43:20,0,5,27,254,7,33.86470,-118.40120
2017-08-26_08:43:21,0,5,28,254,8,33.86469,-118.40127
2017-08-26_08:43:22,0,5,28,258,9,33.86469,-118.40136
2017-08-26_08:43:23,0,5,27,258,7,33.86467,-118.40143
2017-08-26_08:43:24,0,5,26,258,8,33.86466,-118.40151
2017-08-26_08:43:25,0,5,25,258,6,33.86465,-118.40157
2017-08-26_08:43:26,0,5,24,258,7,33.86463,-118.40164
2017-08-26_08:43:27,0,5,20,258,5,33.86462,-118.40169
2017-08-26_08:43:28,0,5,15,258,4,33.86462,-118.40173
2017-08-26_08:43:29,0,5,10,258,4,33.86461,-118.40176
2017-08-26_08:43:30,0,5,7,258,2,33.86461,-118.40178
2017-08-26_08:43:31,0,5,5,258,2,33.86460,-118.40180
2017-08-26_08:43:32,0,5,4,258,2,33.86460,-118.40181
2017-08-26_08:43:33,0,5,4,258,1,33.86460,-118.40182
2017-08-26_08:43:34,0,5,2,258,1,33.86460,-118.40183
2017-08-26_08:43:35,0,5,1,258,1,33.86460,-118.40183
2017-08-26_08:43:36,0,5,0,258,1,33.86460,-118.40183
2017-08-26_08:43:37,0,5,0,258,1,33.86460,-118.40183
2017-08-26_08:43:38,0,5,0,258,1,33.86460,-118.40184
2017-08-26_08:43:39,0,5,0,258,1,33.86460,-118.40183
2017-08-26_08:43:40,0,5,0,258,1,33.86460,-118.40184
2017-08-26_08:43:41,0,5,0,258,1,33.86460,-118.40183
2017-08-26_08:43:42,0,5,9,258,4,33.86459,-118.40186
2017-08-26_08:43:43,0,5,11,258,4,33.86459,-118.40190
2017-08-26_08:43:44,0,5,1,258,4,33.86459,-118.40186
2017-08-26_08:43:45,0,5,2,258,1,33.86459,-118.40186
2017-08-26_08:43:46,0,5,1,258,1,33.86459,-118.40186
2017-08-26_08:43:47,0,5,0,258,1,33.86459,-118.40186
2017-08-26_08:43:48,0,5,1,258,1,33.86459,-118.40185
2017-08-26_08:54:57,0,65,0,-1,14,33.86448,-118.40191
2017-08-26_08:54:57,0,65,0,-1,3,33.86450,-118.40189
2017-08-26_08:54:57,0,65,0,-1,2,33.86451,-118.40188
2017-08-26_08:54:58,0,50,7,220,4,33.86449,-118.40191
2017-08-26_08:54:59,0,30,7,228,4,33.86448,-118.40194
2017-08-26_08:55:00,0,30,8,230,3,33.86447,-118.40197
2017-08-26_08:55:01,0,10,10,257,3,33.86448,-118.40200
2017-08-26_08:55:02,0,5,10,258,10,33.86456,-118.40205
2017-08-26_08:55:03,0,5,9,258,3,33.86455,-118.40207
2017-08-26_08:55:04,0,5,9,258,2,33.86455,-118.40209
2017-08-26_08:55:05,0,5,12,258,3,33.86454,-118.40212
2017-08-26_08:55:06,0,5,11,258,4,33.86454,-118.40216
2017-08-26_08:55:07,0,5,12,258,4,33.86453,-118.40220
2017-08-26_08:55:08,0,10,10,258,4,33.86452,-118.40223
2017-08-26_08:55:09,0,5,8,258,3,33.86452,-118.40226
2017-08-26_08:55:10,0,5,3,258,1,33.86451,-118.40226
2017-08-26_08:55:11,0,5,2,258,1,33.86451,-118.40226
2017-08-26_08:55:12,0,5,4,258,1,33.86451,-118.40226
2017-08-26_08:55:13,0,5,4,227,1,33.86451,-118.40227
2017-08-26_08:55:14,0,5,7,197,1,33.86451,-118.40226
2017-08-26_08:55:15,0,5,8,176,1,33.86451,-118.40227
2017-08-26_08:55:16,0,5,11,171,1,33.86451,-118.40226
2017-08-26_08:55:17,0,5,13,165,11,33.86442,-118.40223
2017-08-26_08:55:18,0,5,14,165,5,33.86438,-118.40222
2017-08-26_08:55:19,0,5,17,165,5,33.86434,-118.40221
2017-08-26_08:55:20,0,5,17,165,5,33.86430,-118.40219
2017-08-26_08:55:21,0,5,15,165,5,33.86426,-118.40218
2017-08-26_08:55:22,0,5,9,165,4,33.86424,-118.40217
2017-08-26_08:55:23,0,5,6,165,2,33.86423,-118.40217
2017-08-26_08:55:24,0,5,6,165,3,33.86421,-118.40216
2017-08-26_08:55:25,0,5,9,165,3,33.86419,-118.40215
2017-08-26_08:55:26,0,5,11,165,3,33.86417,-118.40215
2017-08-26_08:55:27,0,5,14,78,7,33.86417,-118.40208
2017-08-26_08:55:28,0,5,16,78,5,33.86418,-118.40203
2017-08-26_08:55:29,0,5,19,78,7,33.86419,-118.40197
2017-08-26_08:55:30,0,5,22,78,7,33.86420,-118.40190
2017-08-26_08:55:31,0,5,24,78,7,33.86422,-118.40183
2017-08-26_08:55:32,0,5,26,78,8,33.86423,-118.40175
2017-08-26_08:55:33,0,5,26,78,8,33.86425,-118.40167
2017-08-26_08:55:34,0,5,28,78,8,33.86426,-118.40160
2017-08-26_08:55:35,0,5,29,78,8,33.86428,-118.40152
2017-08-26_08:55:36,0,5,31,78,8,33.86429,-118.40143
2017-08-26_08:55:37,0,5,31,78,9,33.86431,-118.40134
2017-08-26_08:55:38,0,5,32,78,10,33.86433,-118.40124
2017-08-26_08:55:39,0,5,31,78,10,33.86435,-118.40114
2017-08-26_08:55:40,0,5,28,78,8,33.86436,-118.40106
2017-08-26_08:55:41,0,5,27,78,8,33.86438,-118.40099
2017-08-26_08:55:42,0,5,25,78,8,33.86439,-118.40091
2017-08-26_08:55:43,0,5,20,78,6,33.86440,-118.40085
2017-08-26_08:55:44,0,5,13,78,4,33.86441,-118.40082
2017-08-26_08:55:45,0,5,9,78,3,33.86442,-118.40079
2017-08-26_08:55:46,0,5,4,78,2,33.86442,-118.40077
2017-08-26_08:55:47,0,5,7,78,1,33.86442,-118.40076
2017-08-26_08:55:48,0,5,9,118,3,33.86443,-118.40074
2017-08-26_08:55:49,0,5,13,130,2,33.86442,-118.40073
2017-08-26_08:55:50,0,5,15,167,14,33.86431,-118.40068
2017-08-26_08:55:51,0,5,18,167,5,33.86427,-118.40065
2017-08-26_08:55:52,0,5,24,167,6,33.86422,-118.40064
2017-08-26_08:55:53,0,5,29,167,8,33.86416,-118.40062
2017-08-26_08:55:54,0,5,33,167,10,33.86408,-118.40059
2017-08-26_08:55:55,0,5,34,167,2,33.86407,-118.40059
2017-08-26_08:55:56,0,5,36,168,17,33.86392,-118.40055
2017-08-26_08:55:57,0,5,31,168,9,33.86385,-118.40053
2017-08-26_08:55:58,0,5,23,168,7,33.86379,-118.40051
2017-08-26_08:55:59,0,5,18,168,5,33.86375,-118.40050
2017-08-26_08:56:00,0,5,10,168,2,33.86374,-118.40048
2017-08-26_08:56:01,0,5,6,168,2,33.86373,-118.40046
2017-08-26_08:56:02,0,5,4,137,1,33.86373,-118.40045
2017-08-26_08:56:03,0,5,7,126,2,33.86372,-118.40045
2017-08-26_08:56:04,0,5,12,108,3,33.86374,-118.40046
2017-08-26_08:56:05,0,5,16,77,10,33.86373,-118.40037
2017-08-26_08:56:06,0,5,19,77,3,33.86373,-118.40034
2017-08-26_08:56:07,0,5,22,77,1,33.86373,-118.40034
2017-08-26_08:56:08,0,5,25,77,0,33.86373,-118.40034
2017-08-26_08:56:09,0,5,26,77,24,33.86378,-118.40009
2017-08-26_08:56:10,0,5,27,77,8,33.86380,-118.40001
2017-08-26_08:56:11,0,5,28,77,8,33.86381,-118.39993
2017-08-26_08:56:12,0,5,28,77,3,33.86382,-118.39990
2017-08-26_08:56:13,0,5,27,77,0,33.86382,-118.39990
2017-08-26_08:56:14,0,5,27,77,21,33.86386,-118.39969
2017-08-26_08:56:15,0,10,24,76,6,33.86388,-118.39963
2017-08-26_08:56:16,0,10,17,76,5,33.86389,-118.39958
2017-08-26_08:56:17,0,10,9,76,2,33.86389,-118.39956
2017-08-26_08:56:18,0,10,6,76,3,33.86390,-118.39954
2017-08-26_08:56:19,0,10,10,117,2,33.86390,-118.39952
2017-08-26_08:56:20,0,10,15,137,2,33.86390,-118.39950
2017-08-26_08:56:21,0,10,20,167,12,33.86381,-118.39943
2017-08-26_08:56:22,0,10,24,167,6,33.86376,-118.39941
2017-08-26_08:56:23,0,10,29,167,8,33.86370,-118.39940
2017-08-26_08:56:24,0,10,33,167,9,33.86363,-118.39937
2017-08-26_08:56:25,0,10,34,167,9,33.86355,-118.39935
2017-08-26_08:56:26,0,10,34,167,10,33.86347,-118.39933
2017-08-26_08:56:27,0,10,33,167,10,33.86338,-118.39931
2017-08-26_08:56:28,0,10,29,167,9,33.86331,-118.39928
2017-08-26_08:56:29,0,10,27,163,8,33.86325,-118.39926
2017-08-26_08:56:30,0,10,22,147,8,33.86318,-118.39923
2017-08-26_08:56:31,0,10,17,135,3,33.86317,-118.39921
2017-08-26_08:56:32,0,10,11,135,1,33.86316,-118.39921
2017-08-26_08:56:33,0,10,4,135,1,33.86316,-118.39920
2017-08-26_08:56:34,0,10,5,124,2,33.86315,-118.39919
2017-08-26_08:56:35,0,10,13,112,5,33.86314,-118.39914
2017-08-26_08:56:36,0,10,16,112,5,33.86312,-118.39910
2017-08-26_08:56:37,0,10,18,82,3,33.86311,-118.39908
2017-08-26_08:56:38,0,10,20,32,10,33.86310,-118.39898
2017-08-26_08:56:39,0,10,21,32,7,33.86315,-118.39895
2017-08-26_08:56:40,0,10,22,32,7,33.86320,-118.39891
2017-08-26_08:56:41,0,10,29,32,7,33.86325,-118.39888
2017-08-26_08:56:42,0,10,30,32,9,33.86332,-118.39883
2017-08-26_08:56:43,0,10,31,40,9,33.86338,-118.39877
2017-08-26_08:56:44,0,10,30,40,8,33.86343,-118.39872
2017-08-26_08:56:45,0,10,28,42,8,33.86348,-118.39866
2017-08-26_08:56:46,0,10,23,45,7,33.86353,-118.39861
2017-08-26_08:56:47,0,10,15,45,7,33.86357,-118.39857
2017-08-26_08:56:48,0,10,7,45,4,33.86359,-118.39854
2017-08-26_08:56:49,0,10,6,45,2,33.86359,-118.39853
2017-08-26_08:56:50,0,10,11,46,2,33.86360,-118.39852
2017-08-26_08:56:51,0,10,16,46,5,33.86363,-118.39849
2017-08-26_08:56:52,0,10,21,46,5,33.86366,-118.39845
2017-08-26_08:56:53,0,10,24,46,6,33.86369,-118.39841
2017-08-26_08:56:54,0,10,27,46,1,33.86369,-118.39842
2017-08-26_08:56:55,0,10,31,53,18,33.86379,-118.39827
2017-08-26_08:56:56,0,10,33,53,9,33.86383,-118.39819
2017-08-26_08:56:57,0,10,35,58,10,33.86388,-118.39811
2017-08-26_08:56:58,0,10,36,58,10,33.86393,-118.39802
2017-08-26_08:56:59,0,10,36,58,6,33.86395,-118.39798
2017-08-26_08:57:00,0,10,36,65,16,33.86401,-118.39783
2017-08-26_08:57:01,0,10,37,65,11,33.86405,-118.39773
2017-08-26_08:57:02,0,10,36,65,11,33.86409,-118.39762
2017-08-26_08:57:03,0,10,37,73,10,33.86412,-118.39753
2017-08-26_08:57:04,0,10,37,73,11,33.86415,-118.39742
2017-08-26_08:57:05,0,10,37,73,10,33.86417,-118.39733
2017-08-26_08:57:06,0,10,38,76,11,33.86420,-118.39722
2017-08-26_08:57:07,0,10,37,76,9,33.86422,-118.39713
2017-08-26_08:57:08,0,10,36,76,10,33.86424,-118.39702
2017-08-26_08:57:09,0,10,36,76,11,33.86426,-118.39692
2017-08-26_08:57:10,0,10,36,77,11,33.86428,-118.39681
2017-08-26_08:57:11,0,10,34,77,11,33.86430,-118.39670
2017-08-26_08:57:12,0,10,33,77,10,33.86433,-118.39660
2017-08-26_08:57:13,0,10,28,77,9,33.86434,-118.39651
2017-08-26_08:57:14,0,10,25,77,7,33.86435,-118.39645
2017-08-26_08:57:15,0,10,15,77,5,33.86436,-118.39640
2017-08-26_08:57:16,0,10,8,77,4,33.86437,-118.39636
2017-08-26_08:57:17,0,10,6,77,2,33.86437,-118.39635
2017-08-26_08:57:18,0,10,10,77,3,33.86438,-118.39632
2017-08-26_08:57:18,0,10,15,77,4,33.86439,-118.39628
2017-08-26_08:57:19,0,10,19,77,4,33.86440,-118.39624
2017-08-26_08:57:20,0,10,24,77,6,33.86441,-118.39618
2017-08-26_08:57:21,0,10,29,77,1,33.86441,-118.39618
2017-08-26_08:57:22,0,10,31,78,17,33.86444,-118.39601
2017-08-26_08:57:23,0,10,32,78,9,33.86445,-118.39592
2017-08-26_08:57:24,0,10,31,78,9,33.86447,-118.39583
2017-08-26_08:57:25,0,10,28,78,9,33.86448,-118.39575
2017-08-26_08:57:26,0,10,22,78,8,33.86450,-118.39567
2017-08-26_08:57:27,0,10,13,78,5,33.86451,-118.39563
2017-08-26_08:57:28,0,10,5,78,3,33.86451,-118.39560
2017-08-26_08:57:29,0,10,4,78,1,33.86451,-118.39560
2017-08-26_08:57:30,0,10,8,78,3,33.86452,-118.39557
2017-08-26_08:57:31,0,10,15,78,4,33.86452,-118.39554
2017-08-26_08:57:32,0,10,19,78,6,33.86453,-118.39548
2017-08-26_08:57:33,0,10,24,78,5,33.86454,-118.39543
2017-08-26_08:57:34,0,10,24,78,10,33.86456,-118.39534
2017-08-26_08:57:35,0,10,23,78,7,33.86457,-118.39527
2017-08-26_08:57:36,0,10,18,78,6,33.86458,-118.39521
2017-08-26_08:57:37,0,10,9,78,4,33.86459,-118.39518
2017-08-26_08:57:38,0,10,5,78,3,33.86459,-118.39516
2017-08-26_08:57:39,0,10,1,78,1,33.86459,-118.39516
2017-08-26_08:57:40,0,10,1,78,1,33.86459,-118.39517
2017-08-26_08:57:41,0,10,4,78,2,33.86459,-118.39516
2017-08-26_08:57:42,0,10,13,78,3,33.86460,-118.39514
2017-08-26_08:57:43,0,10,18,78,5,33.86461,-118.39509
2017-08-26_08:57:44,0,10,22,78,4,33.86461,-118.39505
2017-08-26_08:57:45,0,10,25,78,1,33.86461,-118.39505
2017-08-26_08:57:46,0,10,30,77,17,33.86465,-118.39488
2017-08-26_08:57:47,0,10,35,77,9,33.86467,-118.39478
2017-08-26_08:57:48,0,10,37,77,11,33.86469,-118.39467
2017-08-26_08:57:49,0,10,38,77,8,33.86470,-118.39459
2017-08-26_08:57:50,0,10,40,80,13,33.86473,-118.39445
2017-08-26_08:57:51,0,10,42,80,12,33.86475,-118.39433
2017-08-26_08:57:52,0,10,42,80,11,33.86476,-118.39421
2017-08-26_08:57:53,0,10,43,86,13,33.86477,-118.39408
2017-08-26_08:57:54,0,10,43,95,14,33.86478,-118.39393
2017-08-26_08:57:55,0,10,40,97,10,33.86477,-118.39383
2017-08-26_08:57:56,0,10,38,97,11,33.86476,-118.39372
2017-08-26_08:57:57,0,10,34,105,11,33.86474,-118.39360
2017-08-26_08:57:58,0,10,31,105,9,33.86472,-118.39352
2017-08-26_08:57:59,0,10,26,105,8,33.86471,-118.39344
2017-08-26_08:58:00,0,10,23,105,7,33.86469,-118.39337
2017-08-26_08:58:01,0,10,21,95,6,33.86468,-118.39331
2017-08-26_08:58:02,0,10,20,95,5,33.86468,-118.39326
2017-08-26_08:58:03,0,10,19,85,5,33.86468,-118.39321
2017-08-26_08:58:04,0,10,19,95,6,33.86468,-118.39327
2017-08-26_08:58:05,0,10,21,129,5,33.86468,-118.39322
2017-08-26_08:58:06,0,10,25,165,28,33.86455,-118.39297
2017-08-26_08:58:07,0,10,30,166,9,33.86448,-118.39294
2017-08-26_08:58:08,0,10,35,166,9,33.86440,-118.39292
2017-08-26_08:58:09,0,10,41,166,8,33.86433,-118.39290
2017-08-26_08:58:10,0,10,44,166,14,33.86421,-118.39286
2017-08-26_08:58:11,0,10,47,166,13,33.86410,-118.39283
2017-08-26_08:58:12,0,10,47,167,13,33.86399,-118.39280
2017-08-26_08:58:13,0,10,48,166,14,33.86388,-118.39276
2017-08-26_08:58:14,0,10,49,168,14,33.86376,-118.39273
2017-08-26_08:58:15,0,10,49,168,15,33.86364,-118.39270
2017-08-26_08:58:16,0,10,49,168,9,33.86357,-118.39268
2017-08-26_08:58:17,0,10,48,168,17,33.86342,-118.39264
2017-08-26_08:58:18,0,10,46,167,15,33.86329,-118.39261
2017-08-26_08:58:19,0,10,43,168,12,33.86319,-118.39258
2017-08-26_08:58:20,0,10,38,166,12,33.86309,-118.39255
2017-08-26_08:58:21,0,10,32,166,8,33.86303,-118.39253
2017-08-26_08:58:22,0,10,24,166,8,33.86296,-118.39251
2017-08-26_08:58:23,0,10,15,165,6,33.86291,-118.39249
2017-08-26_08:58:24,0,10,8,165,3,33.86289,-118.39248
2017-08-26_08:58:25,0,10,4,165,2,33.86288,-118.39248
2017-08-26_08:58:26,0,10,0,165,1,33.86288,-118.39248
2017-08-26_08:58:27,0,10,0,165,1,33.86288,-118.39248
2017-08-26_08:58:28,0,10,0,165,1,33.86288,-118.39248
2017-08-26_08:58:29,0,10,0,165,1,33.86288,-118.39248
2017-08-26_08:58:30,0,10,0,165,1,33.86288,-118.39248
2017-08-26_08:58:31,0,10,0,165,1,33.86288,-118.39248
2017-08-26_08:58:32,0,10,0,165,1,33.86288,-118.39248
2017-08-26_08:58:33,0,10,0,165,1,33.86288,-118.39248
2017-08-26_08:58:34,0,10,0,165,1,33.86288,-118.39248
2017-08-26_08:58:35,0,10,0,165,1,33.86288,-118.39248
2017-08-26_08:58:36,0,10,0,165,1,33.86288,-118.39248
2017-08-26_08:58:37,0,10,0,165,1,33.86288,-118.39248
2017-08-26_08:58:38,0,10,0,165,1,33.86288,-118.39248
2017-08-26_08:58:39,0,10,0,165,1,33.86288,-118.39248
2017-08-26_08:58:40,0,10,0,165,1,33.86288,-118.39248
2017-08-26_08:58:41,0,10,0,165,1,33.86288,-118.39248
2017-08-26_08:58:42,0,10,0,165,1,33.86288,-118.39248
2017-08-26_08:58:43,0,10,0,165,1,33.86288,-118.39248
2017-08-26_08:58:44,0,10,0,165,1,33.86288,-118.39248
2017-08-26_08:58:45,0,10,0,165,1,33.86288,-118.39248
2017-08-26_08:58:46,0,10,0,165,1,33.86288,-118.39248
2017-08-26_08:58:47,0,10,0,165,1,33.86288,-118.39248
2017-08-26_08:58:48,0,10,0,165,1,33.86288,-118.39248
2017-08-26_08:58:49,0,10,0,165,1,33.86288,-118.39248
2017-08-26_08:58:50,0,10,0,165,1,33.86288,-118.39248
2017-08-26_08:58:51,0,10,0,165,1,33.86288,-118.39248
2017-08-26_08:58:52,0,10,0,165,1,33.86288,-118.39248
2017-08-26_08:58:53,0,10,0,165,1,33.86288,-118.39248
2017-08-26_08:58:54,0,10,0,165,1,33.86288,-118.39248
2017-08-26_08:58:55,0,10,0,165,1,33.86288,-118.39248
2017-08-26_08:58:56,0,10,0,165,1,33.86288,-118.39248
2017-08-26_08:58:57,0,10,0,165,1,33.86288,-118.39248
2017-08-26_08:58:58,0,10,0,165,1,33.86288,-118.39248
2017-08-26_08:58:59,0,10,0,165,1,33.86288,-118.39248
2017-08-26_08:59:00,0,10,0,165,1,33.86288,-118.39248
2017-08-26_08:59:01,0,10,0,165,1,33.86288,-118.39248
2017-08-26_08:59:02,0,10,0,165,1,33.86288,-118.39248
2017-08-26_08:59:03,0,10,0,165,1,33.86288,-118.39248
2017-08-26_08:59:04,0,10,0,165,1,33.86288,-118.39248
2017-08-26_08:59:05,0,10,0,165,1,33.86288,-118.39248
2017-08-26_08:59:06,0,10,0,165,1,33.86288,-118.39248
2017-08-26_08:59:07,0,10,0,165,1,33.86288,-118.39248
2017-08-26_08:59:08,0,10,0,165,1,33.86288,-118.39248
2017-08-26_08:59:09,0,10,0,165,1,33.86288,-118.39248
2017-08-26_08:59:10,0,10,0,165,1,33.86288,-118.39248
2017-08-26_08:59:11,0,10,0,165,1,33.86288,-118.39248
2017-08-26_08:59:12,0,10,0,165,1,33.86288,-118.39248
2017-08-26_08:59:13,0,10,0,165,1,33.86288,-118.39248
2017-08-26_08:59:14,0,10,0,165,1,33.86288,-118.39248
2017-08-26_08:59:15,0,10,0,165,1,33.86288,-118.39248
2017-08-26_08:59:16,0,10,0,165,1,33.86288,-118.39248
2017-08-26_08:59:17,0,10,0,165,1,33.86288,-118.39248
2017-08-26_08:59:18,0,10,0,165,1,33.86288,-118.39248
2017-08-26_08:59:19,0,10,0,165,1,33.86288,-118.39248
2017-08-26_08:59:20,0,10,0,165,1,33.86288,-118.39248
2017-08-26_08:59:21,0,10,0,165,1,33.86288,-118.39248
2017-08-26_08:59:22,0,10,0,165,1,33.86288,-118.39248
2017-08-26_08:59:23,0,10,0,165,1,33.86288,-118.39248
2017-08-26_08:59:24,0,10,0,165,1,33.86288,-118.39248
2017-08-26_08:59:25,0,10,0,165,1,33.86288,-118.39248
2017-08-26_08:59:26,0,10,0,165,1,33.86288,-118.39248
2017-08-26_08:59:27,0,10,0,165,1,33.86288,-118.39248
2017-08-26_08:59:28,0,10,0,165,1,33.86288,-118.39248
2017-08-26_08:59:29,0,10,0,165,1,33.86288,-118.39248
2017-08-26_08:59:30,0,10,0,165,1,33.86288,-118.39248
2017-08-26_08:59:31,0,10,0,165,1,33.86288,-118.39248
2017-08-26_08:59:32,0,10,0,165,1,33.86288,-118.39248
2017-08-26_08:59:33,0,10,0,165,1,33.86288,-118.39248
2017-08-26_08:59:34,0,10,0,165,1,33.86288,-118.39248
2017-08-26_08:59:35,0,10,0,165,1,33.86288,-118.39248
2017-08-26_08:59:36,0,10,0,165,1,33.86288,-118.39248
2017-08-26_08:59:37,0,10,0,165,1,33.86288,-118.39248
2017-08-26_08:59:38,0,10,0,165,1,33.86288,-118.39248
2017-08-26_08:59:39,0,10,0,165,1,33.86288,-118.39248
2017-08-26_08:59:40,0,10,0,165,1,33.86288,-118.39248
2017-08-26_08:59:41,0,10,0,165,1,33.86288,-118.39248
2017-08-26_08:59:42,0,10,0,165,1,33.86288,-118.39248
2017-08-26_08:59:43,0,10,4,165,5,33.86284,-118.39247
2017-08-26_08:59:44,0,10,8,165,3,33.86282,-118.39246
2017-08-26_08:59:45,0,10,12,165,3,33.86279,-118.39245
2017-08-26_08:59:46,0,10,16,165,5,33.86276,-118.39244
2017-08-26_08:59:47,0,10,20,167,6,33.86271,-118.39243
2017-08-26_08:59:48,0,10,21,167,6,33.86266,-118.39241
2017-08-26_08:59:49,0,10,21,167,5,33.86262,-118.39240
2017-08-26_08:59:50,0,10,20,167,1,33.86262,-118.39240
2017-08-26_08:59:51,0,10,18,120,2,33.86261,-118.39239
2017-08-26_08:59:52,0,10,19,100,12,33.86251,-118.39236
2017-08-26_08:59:53,0,10,19,52,10,33.86255,-118.39228
2017-08-26_08:59:54,0,10,23,45,12,33.86263,-118.39219
2017-08-26_08:59:55,0,10,27,45,8,33.86268,-118.39213
2017-08-26_08:59:56,0,10,32,41,8,33.86273,-118.39207
2017-08-26_08:59:57,0,10,36,41,10,33.86280,-118.39201
2017-08-26_08:59:58,0,10,38,41,10,33.86286,-118.39194
2017-08-26_08:59:59,0,10,39,47,11,33.86293,-118.39186
2017-08-26_09:00:00,0,10,39,52,12,33.86300,-118.39176
2017-08-26_09:00:01,0,10,40,54,11,33.86305,-118.39167
2017-08-26_09:00:02,0,10,39,58,12,33.86311,-118.39156
2017-08-26_09:00:03,0,10,39,69,12,33.86316,-118.39145
2017-08-26_09:00:04,0,10,39,73,8,33.86318,-118.39138
2017-08-26_09:00:05,0,10,38,81,15,33.86321,-118.39122
2017-08-26_09:00:06,0,10,37,87,11,33.86322,-118.39111
2017-08-26_09:00:07,0,10,33,87,9,33.86322,-118.39102
2017-08-26_09:00:08,0,10,29,87,8,33.86323,-118.39093
2017-08-26_09:00:09,0,10,26,87,8,33.86323,-118.39085
2017-08-26_09:00:10,0,10,22,87,7,33.86323,-118.39079
2017-08-26_09:00:11,0,10,17,87,6,33.86324,-118.39073
2017-08-26_09:00:12,0,10,9,87,4,33.86324,-118.39069
2017-08-26_09:00:13,0,10,4,87,2,33.86324,-118.39068
2017-08-26_09:00:14,0,10,0,87,1,33.86324,-118.39068
2017-08-26_09:00:15,0,10,0,87,1,33.86324,-118.39068
2017-08-26_09:00:16,0,10,0,87,1,33.86324,-118.39068
2017-08-26_09:00:17,0,10,0,87,1,33.86324,-118.39068
2017-08-26_09:00:18,0,10,0,87,1,33.86324,-118.39068
2017-08-26_09:00:19,0,10,0,87,1,33.86324,-118.39068
2017-08-26_09:00:20,0,10,0,87,1,33.86324,-118.39068
2017-08-26_09:00:21,0,10,0,87,1,33.86324,-118.39068
2017-08-26_09:00:22,0,10,0,87,1,33.86324,-118.39068
2017-08-26_09:00:23,0,10,0,87,1,33.86324,-118.39068
2017-08-26_09:00:24,0,10,0,87,1,33.86324,-118.39068
2017-08-26_09:00:25,0,10,0,87,1,33.86324,-118.39068
2017-08-26_09:00:26,0,10,0,87,1,33.86324,-118.39068
2017-08-26_09:00:27,0,10,0,87,1,33.86324,-118.39068
2017-08-26_09:00:28,0,10,0,87,1,33.86324,-118.39068
2017-08-26_09:00:29,0,10,0,87,1,33.86324,-118.39068
2017-08-26_09:00:30,0,10,0,87,1,33.86324,-118.39068
2017-08-26_09:00:31,0,10,0,87,1,33.86324,-118.39068
2017-08-26_09:00:32,0,10,0,87,1,33.86324,-118.39068
2017-08-26_09:00:33,0,10,5,87,2,33.86324,-118.39067
2017-08-26_09:00:34,0,10,12,87,3,33.86324,-118.39064
2017-08-26_09:00:35,0,10,18,87,5,33.86324,-118.39059
2017-08-26_09:00:36,0,10,22,87,6,33.86325,-118.39054
2017-08-26_09:00:37,0,10,27,87,7,33.86325,-118.39046
2017-08-26_09:00:38,0,10,32,87,10,33.86326,-118.39036
2017-08-26_09:00:39,0,10,34,87,9,33.86326,-118.39027
2017-08-26_09:00:40,0,10,37,81,11,33.86328,-118.39016
2017-08-26_09:00:41,0,10,39,76,11,33.86330,-118.39005
2017-08-26_09:00:42,0,10,40,76,11,33.86332,-118.38994
2017-08-26_09:00:43,0,10,42,76,10,33.86334,-118.38984
2017-08-26_09:00:44,0,10,42,72,13,33.86338,-118.38971
2017-08-26_09:00:45,0,10,41,68,13,33.86338,-118.38957
2017-08-26_09:00:46,0,10,41,66,12,33.86343,-118.38946
2017-08-26_09:00:47,0,10,42,63,12,33.86347,-118.38935
2017-08-26_09:00:48,0,10,42,61,12,33.86352,-118.38924
2017-08-26_09:00:49,0,10,43,57,12,33.86358,-118.38914
2017-08-26_09:00:50,0,10,44,54,13,33.86364,-118.38903
2017-08-26_09:00:51,0,10,45,51,13,33.86371,-118.38892
2017-08-26_09:00:52,0,10,47,50,13,33.86378,-118.38882
2017-08-26_09:00:53,0,10,48,49,14,33.86386,-118.38871
2017-08-26_09:00:54,0,10,48,49,14,33.86395,-118.38860
2017-08-26_09:00:55,0,10,47,49,13,33.86402,-118.38850
2017-08-26_09:00:56,0,10,43,49,13,33.86409,-118.38840
2017-08-26_09:00:57,0,10,41,49,12,33.86416,-118.38831
2017-08-26_09:00:58,0,10,36,49,11,33.86423,-118.38823
2017-08-26_09:00:59,0,10,32,49,10,33.86428,-118.38815
2017-08-26_09:01:00,0,10,29,50,8,33.86433,-118.38809
2017-08-26_09:01:01,0,10,22,50,7,33.86436,-118.38803
2017-08-26_09:01:02,0,10,16,50,5,33.86439,-118.38799
2017-08-26_09:01:03,0,10,11,50,4,33.86441,-118.38797
2017-08-26_09:01:04,0,10,5,49,2,33.86442,-118.38796
2017-08-26_09:01:05,0,10,1,49,1,33.86443,-118.38795
2017-08-26_09:01:06,0,10,0,49,0,33.86443,-118.38795
2017-08-26_09:01:07,0,10,1,50,1,33.86443,-118.38795
2017-08-26_09:01:08,0,10,2,49,1,33.86443,-118.38795
2017-08-26_09:01:09,0,10,3,49,1,33.86443,-118.38794
2017-08-26_09:01:10,0,10,3,49,1,33.86444,-118.38794
2017-08-26_09:01:11,0,10,2,49,1,33.86444,-118.38793
2017-08-26_09:01:12,0,10,0,49,0,33.86444,-118.38793
2017-08-26_09:01:23,0,10,2,49,1,33.86444,-118.38793
2017-08-26_09:01:24,0,10,5,49,1,33.86444,-118.38792
2017-08-26_09:01:25,0,10,8,49,2,33.86445,-118.38791
2017-08-26_09:01:26,0,10,14,49,4,33.86447,-118.38788
2017-08-26_09:01:27,0,10,19,49,5,33.86450,-118.38785
2017-08-26_09:01:28,0,10,23,49,6,33.86454,-118.38780
2017-08-26_09:01:29,0,10,28,49,8,33.86458,-118.38774
2017-08-26_09:01:30,0,10,32,49,8,33.86463,-118.38768
2017-08-26_09:01:31,0,10,35,49,10,33.86469,-118.38760
2017-08-26_09:01:32,0,10,38,49,11,33.86475,-118.38752
2017-08-26_09:01:33,0,10,39,48,11,33.86481,-118.38743
2017-08-26_09:01:34,0,10,40,48,12,33.86488,-118.38735
2017-08-26_09:01:35,0,10,41,49,11,33.86494,-118.38726
2017-08-26_09:01:36,0,10,42,48,13,33.86502,-118.38716
2017-08-26_09:01:37,0,10,45,48,12,33.86509,-118.38707
2017-08-26_09:01:38,0,10,47,48,13,33.86517,-118.38697
2017-08-26_09:01:39,0,10,48,48,14,33.86525,-118.38686
2017-08-26_09:01:40,0,10,48,48,13,33.86533,-118.38676
2017-08-26_09:01:41,0,10,49,48,14,33.86541,-118.38666
2017-08-26_09:01:42,0,10,51,48,14,33.86549,-118.38654
2017-08-26_09:01:43,0,10,52,48,15,33.86558,-118.38643
2017-08-26_09:01:44,0,10,52,48,15,33.86567,-118.38631
2017-08-26_09:01:45,0,10,51,49,15,33.86576,-118.38620
2017-08-26_09:01:46,0,10,51,50,14,33.86584,-118.38609
2017-08-26_09:01:47,0,10,51,51,15,33.86592,-118.38597
2017-08-26_09:01:48,0,10,51,52,14,33.86600,-118.38586
2017-08-26_09:01:49,0,10,49,53,15,33.86607,-118.38574
2017-08-26_09:01:50,0,10,45,53,13,33.86614,-118.38563
2017-08-26_09:01:51,0,10,37,54,11,33.86620,-118.38553
2017-08-26_09:01:52,0,10,28,56,10,33.86625,-118.38545
2017-08-26_09:01:53,0,10,22,70,6,33.86627,-118.38540
2017-08-26_09:01:54,0,10,16,99,5,33.86626,-118.38535
2017-08-26_09:01:55,0,10,16,130,5,33.86623,-118.38532
2017-08-26_09:01:56,0,10,21,149,6,33.86619,-118.38529
2017-08-26_09:01:57,0,10,26,154,7,33.86614,-118.38525
2017-08-26_09:01:58,0,10,30,153,9,33.86607,-118.38521
2017-08-26_09:01:59,0,10,31,153,9,33.86601,-118.38517
2017-08-26_09:02:00,0,10,31,152,9,33.86594,-118.38513
2017-08-26_09:02:01,0,10,30,151,9,33.86588,-118.38508
2017-08-26_09:02:02,0,10,27,152,8,33.86581,-118.38504
2017-08-26_09:02:03,0,10,23,153,7,33.86576,-118.38501
2017-08-26_09:02:04,0,10,21,152,6,33.86571,-118.38498
2017-08-26_09:02:05,0,10,18,147,6,33.86567,-118.38495
2017-08-26_09:02:06,0,10,15,127,5,33.86565,-118.38491
2017-08-26_09:02:07,0,10,11,98,3,33.86565,-118.38488
2017-08-26_09:02:08,0,10,7,78,3,33.86566,-118.38486
2017-08-26_09:02:09,0,10,8,73,3,33.86566,-118.38483
2017-08-26_09:02:10,0,10,10,69,3,33.86567,-118.38481
2017-08-26_09:02:12,0,10,14,65,4,33.86569,-118.38478
2017-08-26_09:02:13,0,10,15,62,4,33.86570,-118.38474
2017-08-26_09:02:14,0,10,14,62,5,33.86572,-118.38470
2017-08-26_09:02:15,0,10,12,61,4,33.86574,-118.38467
2017-08-26_09:02:16,0,10,10,61,3,33.86575,-118.38464
2017-08-26_09:02:17,0,10,9,57,3,33.86576,-118.38462
2017-08-26_09:02:18,0,10,9,43,3,33.86578,-118.38461
2017-08-26_09:02:19,0,10,7,19,2,33.86579,-118.38461
2017-08-26_09:02:20,0,10,1,3,1,33.86580,-118.38461
2017-08-26_09:02:21,0,10,0,3,0,33.86580,-118.38461
2017-08-26_09:02:22,0,10,2,236,1,33.86580,-118.38461
2017-08-26_09:02:23,0,10,4,232,1,33.86580,-118.38461
2017-08-26_09:02:24,0,10,5,232,1,33.86579,-118.38461
2017-08-26_09:02:25,0,10,2,217,1,33.86578,-118.38461
2017-08-26_09:02:26,0,10,0,218,0,33.86578,-118.38461
2017-08-26_09:02:27,0,10,2,218,1,33.86579,-118.38461
2017-08-26_09:02:28,0,10,5,329,2,33.86580,-118.38462
2017-08-26_09:02:29,0,10,6,329,2,33.86581,-118.38463
2017-08-26_09:02:30,0,10,4,330,2,33.86582,-118.38463
2017-08-26_09:02:31,0,10,2,330,1,33.86582,-118.38464
2017-08-26_09:02:32,0,10,1,331,1,33.86582,-118.38464
2017-08-26_09:02:33,0,10,2,331,1,33.86583,-118.38464
2017-08-26_09:02:34,0,10,3,331,1,33.86583,-118.38465
2017-08-26_09:02:35,0,10,3,331,1,33.86584,-118.38465
2017-08-26_09:02:36,0,10,3,331,1,33.86584,-118.38465
2017-08-26_09:02:37,0,10,1,331,1,33.86584,-118.38466
2017-08-26_09:02:38,0,10,1,331,1,33.86584,-118.38466
2017-08-26_09:02:39,0,10,0,331,0,33.86584,-118.38466
2017-08-26_09:02:40,0,10,0,331,0,33.86584,-118.38466
2017-08-26_09:02:44,0,10,0,340,0,33.86584,-118.38466
2017-08-26_09:02:45,0,10,2,340,1,33.86584,-118.38466
2017-08-26_09:02:46,0,10,2,340,1,33.86584,-118.38466
2017-08-26_09:02:47,0,10,2,340,1,33.86584,-118.38465
2017-08-26_09:12:29,0,65,0,-1,31,33.86590,-118.38497
2017-08-26_09:12:30,0,283,0,-1,6,33.86594,-118.38494
2017-08-26_09:12:30,0,283,0,-1,6,33.86597,-118.38490
2017-08-26_09:12:30,0,283,0,-1,6,33.86600,-118.38487
2017-08-26_09:12:30,0,283,0,-1,5,33.86604,-118.38483
2017-08-26_09:12:30,0,65,0,-1,29,33.86628,-118.38492
2017-08-26_09:12:32,0,30,0,-1,58,33.86582,-118.38463
2017-08-26_09:12:33,0,30,2,-1,1,33.86582,-118.38464
2017-08-26_09:12:34,0,18,2,138,1,33.86582,-118.38464
2017-08-26_09:12:35,0,18,1,138,1,33.86582,-118.38464
2017-08-26_09:12:36,0,18,0,138,0,33.86582,-118.38464
